gid_from, gid_to 
1,436
2,1032
2,1034
3,903
3,1037
3,1472
3,902
3,1038
6,211
6,240
6,312
6,362
7,1073
7,1071
8,445
8,1059
9,444
9,1194
10,446
10,1144
32,1097
32,1294
4,28
4,1045
4,1235
4,1414
5,455
5,828
11,323
11,797
12,917
12,1110
12,1109
13,42
13,429
13,1262
13,1263
14,1160
14,1161
15,1245
15,1254
16,1067
16,1269
17,1001
17,1260
18,1057
18,1068
19,1056
19,1068
22,458
22,898
22,1450
42,1090
42,1262
42,1263
20,441
20,1365
21,779
21,1092
21,1334
23,1024
23,1217
24,729
24,1506
25,45
25,892
25,1072
25,1073
26,822
26,1177
27,1350
27,1351
27,761
27,1211
27,1212
28,42
28,1045
28,1090
29,426
29,1016
30,426
30,1246
31,810
31,811
33,888
33,925
33,1345
34,794
34,1132
35,830
35,1397
36,1016
36,1247
37,897
37,1230
38,865
39,1036
39,899
39,1038
39,1471
40,1249
40,1250
41,44
41,1140
43,454
43,1069
43,1094
43,1366
44,867
45,893
46,1102
46,1104
47,1269
47,1270
48,1008
48,1154
49,916
49,1284
50,54
50,760
102,103
102,297
102,367
51,1353
51,1355
52,763
52,783
53,927
53,1213
54,768
55,1123
55,1309
55,1388
56,1122
56,1123
57,75
57,1130
58,324
58,1455
58,1324
59,1430
59,1292
60,1142
60,1143
61,1042
61,1141
61,1143
62,1317
62,1189
62,1473
63,1145
63,1148
64,819
64,1163
65,819
65,957
66,822
66,1176
67,1308
67,1179
68,1150
68,1171
69,763
69,795
222,515
222,596
222,597
222,602
70,83
70,1204
71,271
71,924
223,562
223,591
72,905
72,1138
72,1221
73,781
73,1129
74,1065
74,1224
74,1225
74,1266
76,855
76,1233
77,1236
78,1227
78,1238
79,447
79,1237
79,1239
80,81
80,1228
80,1239
81,1228
81,1238
82,1145
82,1151
83,1039
83,1199
83,1306
84,806
84,1146
85,867
85,1084
86,865
86,1052
87,876
87,1280
88,1077
88,1275
89,876
89,1279
90,278
90,1273
91,1046
91,1270
92,1106
92,1107
93,1190
94,743
94,1136
94,1267
94,1272
95,1246
95,1280
96,875
96,1257
97,1288
97,1289
98,333
98,418
98,1193
98,1447
103,297
103,367
104,319
105,496
105,723
99,839
99,1211
99,1304
99,1368
99,1369
100,1111
100,1336
100,1434
101,866
101,884
101,1314
101,912
101,900
101,914
106,487
106,488
106,510
106,752
108,572
108,964
110,483
110,513
110,864
110,968
112,124
112,198
112,351
112,395
112,790
112,791
113,798
113,801
114,376
114,542
115,182
115,464
115,643
115,645
111,193
111,216
111,357
116,359
116,575
117,255
117,269
118,243
118,978
118,177
118,660
118,656
119,587
119,213
119,311
119,477
120,213
120,602
120,603
121,210
121,346
122,141
122,142
123,133
123,210
124,351
124,508
124,554
124,790
124,791
125,162
125,497
125,693
125,708
126,127
126,186
126,277
126,257
126,265
126,340
126,381
126,755
127,191
127,277
127,340
127,341
127,381
127,722
128,163
128,366
128,978
128,1406
129,169
129,371
129,486
130,188
130,734
131,228
131,579
131,580
132,133
132,207
132,790
133,790
778,836
134,260
134,402
135,473
135,474
136,677
136,731
137,374
137,574
138,374
138,704
139,715
139,716
140,244
140,702
141,818
142,314
143,247
143,248
144,253
144,556
145,569
145,573
146,184
146,680
146,719
146,1445
149,266
149,385
149,470
149,754
150,464
150,503
150,692
150,981
150,1378
152,1493
152,1494
153,469
153,651
153,1493
147,149
147,264
147,404
147,470
147,754
147,758
148,778
148,478
148,485
163,550
163,739
163,1406
151,154
151,259
151,389
151,473
154,473
155,648
155,699
156,201
156,269
157,618
157,619
158,239
158,604
158,606
159,182
159,232
159,369
159,608
160,598
160,861
161,171
161,170
161,356
161,583
162,189
162,497
162,693
162,708
162,709
164,166
164,592
165,368
165,312
165,363
165,215
166,591
167,594
167,592
168,362
168,587
168,593
169,599
171,356
173,657
173,991
174,413
174,270
174,644
170,583
172,174
172,270
172,313
172,621
197,259
197,266
197,394
197,403
175,562
175,932
176,647
176,675
888,925
888,1190
888,1345
177,398
177,625
177,660
177,656
178,672
178,962
179,664
179,939
180,637
180,685
181,961
181,1009
181,1451
182,369
182,464
182,608
183,680
183,497
183,724
183,1026
184,679
184,680
184,682
185,573
185,732
186,257
186,265
186,738
186,755
186,782
187,229
187,365
187,366
187,615
187,627
187,230
188,237
189,315
189,709
190,542
190,718
191,341
191,722
192,329
192,354
192,568
193,334
193,357
224,225
224,500
225,818
194,195
194,521
194,684
194,759
297,367
297,1520
195,759
196,251
196,1484
198,395
198,509
198,850
201,268
201,482
199,200
199,387
200,346
202,258
202,268
205,353
205,404
205,754
205,787
203,204
203,350
203,493
298,300
298,1383
460,1496
204,481
204,482
206,383
207,951
214,215
214,311
214,608
214,697
211,240
211,397
211,607
211,696
240,968
212,233
212,356
212,610
226,238
226,401
226,498
226,969
213,311
227,970
227,975
215,363
215,311
217,368
217,363
217,609
216,357
216,401
216,696
218,245
218,543
218,649
218,694
232,399
219,360
219,375
219,576
219,966
220,701
220,360
221,703
221,700
228,580
228,655
299,1382
299,1521
300,1520
229,365
229,613
229,230
230,365
230,313
230,388
231,260
231,511
233,356
233,399
233,697
234,235
234,514
238,377
238,401
238,498
235,369
235,512
235,514
239,606
301,1494
301,1525
302,1488
302,1531
236,241
236,382
237,241
303,728
303,1512
342,726
342,1380
243,978
243,979
275,1435
275,1253
275,1302
242,505
242,516
242,630
242,1378
251,252
244,359
245,648
245,649
246,314
246,377
247,698
247,710
248,678
248,711
276,1468
277,340
277,381
277,392
249,315
249,737
250,337
250,758
252,756
279,1403
279,1482
279,1483
280,1483
253,355
253,373
254,352
254,479
368,609
255,489
255,492
281,1485
281,1522
256,348
256,385
256,470
256,480
282,302
282,1488
282,1531
257,265
257,755
283,1534
283,1535
258,277
258,268
258,392
284,1515
284,288
285,301
285,729
285,1494
285,1507
285,1525
286,301
286,1380
286,1495
259,389
259,403
261,349
261,381
261,390
261,757
264,404
264,758
262,349
262,391
262,394
263,337
263,391
263,756
265,392
265,755
267,393
267,817
287,288
287,1509
288,1509
289,304
289,1524
289,1525
289,1529
305,1528
305,1532
266,385
266,394
292,380
292,1507
268,482
272,1034
272,1448
273,888
273,1183
273,1190
273,1473
270,565
270,987
271,1022
274,1127
274,1326
290,1420
290,1519
293,344
293,1511
293,1512
294,347
294,1510
295,318
295,1517
296,344
296,378
296,1500
325,1125
325,1173
291,338
291,1505
291,1504
304,379
304,1529
727,1508
306,307
306,308
307,1382
308,1530
309,1221
309,1322
310,773
310,1308
312,368
312,362
330,844
330,1153
313,388
313,621
316,956
316,984
316,985
316,1360
316,1366
317,318
317,1519
343,1531
319,1381
319,1527
320,453
320,1041
320,1313
320,1411
321,609
322,1028
322,1201
323,800
324,409
324,1455
326,1077
326,1422
327,1074
327,1173
328,329
328,476
328,521
328,485
331,1086
331,1414
332,871
332,1273
332,1279
340,341
340,381
340,759
341,722
341,759
329,354
329,476
333,418
333,417
334,350
334,357
334,789
335,343
335,1503
336,1486
336,1498
337,758
338,1487
339,1381
339,1508
344,1500
344,1511
345,786
345,850
345,851
347,1513
348,385
348,471
348,480
349,390
349,391
350,493
350,789
351,386
351,790
351,791
351,852
351,851
352,387
353,395
353,480
353,787
370,1460
370,1461
411,616
411,967
411,1406
354,481
355,373
358,721
358,1451
358,667
358,668
360,375
360,966
361,466
361,545
361,616
362,587
364,502
364,621
364,625
364,651
365,579
366,615
366,627
366,978
363,368
363,609
369,512
369,608
371,486
371,600
372,524
372,731
373,1444
375,703
375,966
376,750
378,380
379,1528
381,757
382,402
383,943
384,479
384,495
418,1392
385,480
386,786
386,787
386,852
386,851
393,965
410,1315
410,1325
388,398
389,471
390,403
390,1536
391,756
432,1264
432,1265
395,480
396,565
396,626
396,928
396,988
433,1255
433,1256
397,607
397,696
398,625
399,697
400,589
400,590
401,498
401,696
403,1536
404,754
404,758
405,569
405,965
406,880
407,1028
407,1033
408,1058
408,1095
409,455
412,1061
412,1415
413,928
413,980
413,644
414,1446
414,1003
414,1002
414,1320
415,416
415,1427
416,1005
417,1299
419,878
419,1433
419,1283
420,1014
420,1060
421,424
421,1395
422,424
422,847
422,902
422,1195
423,1149
423,1391
424,902
424,1195
425,1248
425,1249
427,751
428,912
428,1251
428,1320
428,1441
429,1256
430,749
430,1021
430,1208
430,1027
431,1001
431,1274
434,1170
434,765
435,1209
435,770
435,1208
436,1031
437,441
437,1035
437,1096
437,1363
438,1030
438,1031
439,440
440,837
441,1096
441,1365
442,443
442,1242
442,1265
443,1263
444,446
444,1137
445,1057
446,1137
451,1160
451,1334
452,1052
452,1250
452,1318
453,1040
453,1041
453,1312
454,457
454,1094
454,1311
518,520
518,570
448,1032
448,1277
448,1278
449,1047
449,1271
449,1268
450,1161
450,1162
456,828
456,1323
457,1203
457,1311
457,1372
458,1066
458,1267
459,882
459,1419
462,1108
462,1465
463,469
463,628
463,644
463,676
464,1378
467,634
467,641
468,547
468,736
468,641
465,503
465,623
465,624
465,638
466,535
466,545
466,642
469,644
469,651
470,754
472,492
472,798
475,487
475,585
475,740
475,741
519,522
519,527
474,784
481,482
476,478
476,498
477,587
477,499
477,567
520,960
521,684
478,485
478,498
483,513
483,968
484,778
484,501
484,510
484,836
485,521
489,492
489,785
486,488
486,741
611,977
728,1495
487,488
487,585
488,741
490,491
490,738
490,785
491,738
491,784
494,506
494,952
495,801
522,868
496,723
496,814
497,680
497,693
497,708
523,861
523,868
499,567
509,850
500,571
504,692
504,733
501,510
508,554
613,663
502,557
502,625
502,858
503,623
503,692
503,981
528,869
505,524
505,630
506,507
507,554
793,887
793,1167
510,752
516,584
516,1378
511,512
513,529
513,968
514,516
514,584
515,586
517,566
517,571
517,820
525,688
525,873
526,682
526,683
526,690
526,694
527,528
529,589
530,531
530,539
530,879
530,1386
531,688
531,879
531,1386
532,972
532,973
540,739
540,879
533,536
533,907
534,537
543,694
543,705
543,721
535,642
535,907
548,915
556,558
536,537
538,564
538,624
538,959
538,988
539,689
541,904
541,689
544,545
544,612
544,909
545,909
614,629
614,663
546,548
546,547
546,909
547,736
547,909
615,627
615,967
549,620
549,932
549,938
550,739
550,946
551,553
551,952
552,553
552,789
552,948
555,575
555,576
559,712
559,938
559,958
559,980
557,857
557,858
558,857
560,561
560,564
560,620
560,626
561,563
561,620
561,959
563,622
563,623
563,959
566,570
566,820
564,626
564,959
565,987
565,988
578,601
578,976
567,588
568,960
736,987
572,669
574,702
577,593
577,1379
581,659
581,661
582,701
582,732
583,645
583,646
584,630
584,631
594,970
612,615
612,967
586,622
586,631
588,863
590,969
600,1379
595,863
595,974
596,597
596,602
596,974
597,601
597,602
598,972
599,886
602,603
603,695
604,605
605,976
606,975
607,696
608,697
610,977
616,967
616,1406
617,618
617,666
619,979
620,938
910,1106
910,1113
621,651
622,623
622,631
624,638
624,988
626,928
627,629
627,915
628,1523
628,676
629,915
670,671
670,673
630,631
742,1074
742,1079
632,691
632,989
633,686
633,687
779,1334
634,635
635,990
636,637
636,990
638,736
638,987
639,640
639,675
640,961
643,650
643,645
642,650
642,643
647,674
645,646
649,906
652,657
652,653
780,1062
780,1219
780,1389
653,654
654,655
660,661
656,660
656,662
658,659
658,991
662,966
748,947
748,1017
748,1412
664,665
665,940
666,939
667,668
667,700
669,963
671,672
673,1009
743,1076
674,906
744,780
744,1126
744,1135
744,1219
745,746
745,747
676,1524
677,733
678,735
678,711
679,682
679,681
911,1107
911,1305
714,872
714,873
681,708
681,711
719,720
719,815
719,1445
682,690
685,687
683,694
683,750
724,1026
686,691
912,914
912,1320
690,904
692,981
693,708
695,734
704,1444
705,721
706,707
706,717
698,710
707,718
708,711
746,747
699,713
713,715
709,814
710,737
712,740
712,938
712,980
788,1007
788,1171
716,872
725,892
725,937
725,1063
725,1344
726,727
789,948
717,735
720,815
721,1451
729,1507
730,1492
730,1490
738,782
740,741
790,791
749,949
749,1208
751,1335
753,1347
753,1348
753,761
753,1055
766,1098
766,1214
767,1177
767,1099
767,1329
755,782
755,1536
768,1030
769,1095
769,1178
792,916
792,1335
792,1467
776,1174
776,1180
760,1337
761,1055
761,1211
761,1212
762,795
762,1132
764,1023
764,1029
765,1029
770,995
770,1209
770,926
770,936
771,913
771,772
771,1114
771,1115
772,913
773,1308
774,775
774,1455
775,1455
777,1122
777,1125
781,1439
782,1536
783,1480
786,787
794,1481
796,1092
796,1142
797,799
799,1140
800,1144
802,854
802,1232
803,804
803,1231
804,830
804,1446
805,1147
805,1332
806,1301
807,984
807,1116
807,1117
807,1163
807,1375
808,1152
808,1252
808,1295
808,1302
808,1307
809,812
809,1435
816,1093
816,1157
817,964
810,812
811,1005
811,1152
813,1080
813,1156
823,1179
823,1180
824,1079
824,1298
825,1080
825,1150
826,846
826,1298
821,997
821,1175
821,1409
831,1102
831,1452
831,1197
827,908
827,1323
829,1186
829,1296
829,1367
829,1416
832,1200
832,1223
833,1040
833,1072
833,1303
833,1312
840,1304
841,1216
841,1328
830,1446
834,856
834,1398
835,1410
835,931
837,1176
839,1097
839,1211
839,1417
848,849
848,1013
848,1064
848,1225
838,840
838,921
838,1343
842,1021
842,1319
843,1217
843,1261
844,845
845,1218
846,1220
847,1393
849,1013
849,1225
849,1226
850,851
852,853
854,1391
855,1234
855,1233
856,1338
851,852
858,1506
859,1244
859,1245
860,1136
862,864
862,869
866,884
866,1252
866,1314
870,871
870,875
874,1065
874,1277
877,1278
877,1282
878,1283
878,1393
879,1386
885,1332
880,1165
880,1164
881,885
881,1332
882,1287
883,896
883,1309
886,973
887,1475
884,1314
889,1288
889,1292
890,1015
890,1041
890,1296
890,1367
891,1170
891,1310
892,937
892,1063
892,1072
892,1073
893,1394
894,1293
894,1333
894,1470
894,1425
894,1471
895,1019
895,1100
900,1175
900,912
900,914
901,1192
901,1189
896,1309
898,1450
902,903
902,1472
902,1195
903,1472
903,1266
903,1281
899,1471
905,1138
908,1220
914,1062
914,1251
916,1335
917,1110
917,1112
918,1418
918,1112
918,1336
919,1110
919,1434
920,1055
920,1197
920,1417
920,1454
921,927
921,1343
922,947
922,1339
923,1035
923,1056
924,1340
925,934
925,1207
925,1333
925,1345
926,995
926,936
928,980
929,958
929,1518
930,1350
930,931
933,1352
933,1349
934,1331
934,1205
934,1207
934,1333
936,995
937,1063
944,1293
944,1345
944,1361
944,1356
938,980
940,941
941,942
942,1386
943,946
950,951
945,1352
945,1346
947,1017
947,1339
948,950
953,998
953,999
953,1120
953,1117
953,1373
954,1354
954,1362
955,1424
955,1327
955,1181
955,1370
955,1416
956,984
956,986
956,1187
956,1366
957,1377
961,1451
962,963
967,1406
971,1518
982,1054
982,1069
982,1330
982,1376
1053,1054
1053,1203
1053,1311
1053,1411
981,989
983,1481
983,1457
984,1116
984,1366
985,1285
985,1360
986,1187
992,993
992,1440
993,1284
994,1087
994,1089
998,999
998,1373
1000,1044
1000,1048
1000,1089
996,1002
996,1441
1005,1152
997,1169
997,1168
997,1409
1014,1061
999,1114
999,1119
999,1373
1019,1356
1020,1303
1020,1358
1003,1446
1003,1261
1003,1274
1004,1258
1004,1259
1004,1260
1002,1320
1002,1441
1006,1083
1006,1443
1007,1443
1008,1083
1012,1395
1012,1396
1013,1225
1010,1011
1011,1283
1015,1020
1015,1358
1015,1296
1017,1358
1018,1020
1018,1200
1018,1222
1018,1303
1021,1027
1022,1027
1022,1359
1400,1401
1400,1402
1023,1024
1025,1262
1025,1438
1025,1264
1027,1359
1033,1394
1035,1363
1040,1303
1040,1312
1036,1037
1036,1038
1041,1367
1037,1038
1042,1048
1042,1091
1042,1143
1061,1415
1046,1399
1039,1199
1039,1306
1039,1458
1047,1090
1047,1091
1043,1045
1043,1243
1043,1295
1043,1307
1049,1405
1049,1413
1044,1048
1044,1166
1044,1158
1045,1243
1048,1091
1050,1398
1050,1405
1051,1315
1051,1326
1054,1069
1054,1311
1060,1109
1055,1197
1185,1401
1185,1222
1058,1059
1062,1251
1062,1389
1064,1423
1065,1224
1066,1267
1067,1450
1072,1073
1072,1312
1069,1366
1070,1477
1070,1480
1071,1131
1186,1370
1186,1369
1186,1416
1120,1360
1120,1387
1076,1423
1101,1426
1081,1082
1081,1316
1081,1385
1082,1155
1102,1452
1084,1396
1103,1108
1103,1474
1121,1419
1121,1219
1085,1086
1085,1413
1087,1088
1088,1235
1090,1091
1408,1452
1408,1415
1093,1167
1093,1162
1093,1432
1094,1187
1094,1202
1096,1346
1097,1294
1097,1417
1098,1215
1099,1178
1099,1329
1100,1101
1104,1105
1105,1198
1111,1337
1112,1418
1113,1418
1114,1115
1114,1119
1115,1118
1115,1164
1116,1387
1117,1120
1117,1163
1117,1375
1118,1164
1118,1374
1119,1120
1119,1360
1119,1387
1124,1174
1124,1388
1129,1230
1126,1135
1127,1210
1130,1439
1128,1169
1128,1155
1128,1156
1128,1172
1131,1479
1133,1134
1133,1499
1169,1172
1134,1499
1135,1314
1135,1389
1137,1194
1137,1234
1137,1233
1136,1267
1136,1272
1138,1139
1139,1324
1154,1427
1146,1182
1146,1321
1147,1148
1425,1471
1425,1470
1149,1384
1151,1301
1155,1156
1152,1295
1152,1302
1157,1159
1166,1290
1166,1322
1167,1432
1158,1166
1158,1159
1162,1167
1162,1432
1163,1375
1168,1169
1164,1165
1429,1489
1178,1329
1476,1478
1476,1479
1181,1364
1181,1370
1181,1368
1182,1432
1182,1321
1200,1222
1183,1205
1183,1206
1183,1473
1184,1407
1184,1201
1187,1202
1188,1291
1188,1331
1188,1385
1189,1192
1191,1193
1191,1192
1192,1193
1193,1447
1194,1234
1194,1233
1196,1428
1196,1384
1477,1478
1198,1286
1199,1306
1199,1454
1430,1475
1203,1372
1203,1411
1262,1263
1262,1264
1204,1286
1210,1426
1205,1331
1205,1206
1206,1207
1207,1333
1211,1212
1212,1214
1212,1342
1213,1341
1431,1468
1431,1469
1431,1501
1214,1342
1215,1410
1216,1325
1218,1287
1219,1419
1223,1407
1224,1421
1225,1266
1226,1433
1297,1442
1297,1499
1227,1449
1261,1274
1231,1232
1231,1317
1232,1317
1233,1234
1235,1414
1305,1440
1236,1449
1237,1239
1306,1467
1306,1470
1240,1399
1241,1438
1242,1243
1242,1254
1242,1265
1243,1254
1244,1253
1247,1404
1248,1404
1250,1318
1251,1441
1252,1307
1255,1448
1258,1260
1336,1434
1266,1281
1271,1272
1267,1272
1268,1271
1268,1275
1273,1279
1276,1421
1276,1422
1277,1278
1281,1282
1289,1290
1290,1322
1291,1331
1291,1472
1293,1333
1293,1345
1295,1302
1295,1307
1296,1367
1299,1300
1300,1310
1302,1435
1304,1368
1304,1369
1309,1388
1313,1327
1313,1371
1313,1411
1314,1389
1319,1412
1316,1428
1316,1385
1317,1473
1318,1425
1327,1424
1327,1371
1327,1416
1328,1458
1330,1376
1330,1377
1467,1470
1338,1442
1339,1390
1340,1341
1342,1343
1360,1387
1347,1349
1347,1348
1347,1351
1349,1351
1348,1365
1350,1351
1354,1355
1361,1362
1356,1361
1357,1402
1357,1390
1392,1397
1364,1368
1368,1369
1380,1495
1369,1370
1371,1372
1373,1374
1376,1457
1383,1521
1381,1527
1416,1424
1417,1454
1420,1492
1420,1498
1420,1519
1436,1437
1436,1453
1436,1482
1436,1484
1437,1482
1453,1484
1461,1464
1462,1466
1462,1465
1463,1466
1470,1471
1482,1483
1485,1486
1485,1530
1492,1498
1486,1530
1487,1535
1488,1534
1488,1531
1489,1497
1489,1505
1490,1491
1491,1515
1494,1525
1497,1505
1501,1523
1501,1502
1502,1523
1502,1526
1502,1532
1503,1522
1504,1505
1511,1513
1509,1514
1510,1514
1524,1525
1529,1533
1526,1532
1527,1533
